path,round,active_nibbles,generation_command,beam,trans,branch,certified_only,row_count,sha256,used_in_final_submit
experiments/r2_active1_emit_all.csv,2,1,candidate_miner_approx（参数见本行 beam/trans/branch；实验背景见 docs/EXPERIMENTS.md）,1000000,100000,16,1,3280,18f2a3743f5c58ff322755182d338d237dcd11316cb17354b591e57464485346,1
experiments/r2_active2_batch_1000_0100.csv,2,2,candidate_miner_approx（参数见本行 beam/trans/branch；实验背景见 docs/EXPERIMENTS.md）,1000000,100000,16,1,763,92de0713072973ab863d7959e265d094ea7d335f841aad336c26600a04522839,1
experiments/r2_active2_batch_1100_0100.csv,2,2,candidate_miner_approx（参数见本行 beam/trans/branch；实验背景见 docs/EXPERIMENTS.md）,1000000,100000,16,1,875,4c4a05973366070dd992a58c73ad502e339d933d9654b97d34a4f0df6bf2ef94,1
experiments/r2_active2_batch_1200_0100.csv,2,2,candidate_miner_approx（参数见本行 beam/trans/branch；实验背景见 docs/EXPERIMENTS.md）,1000000,100000,16,1,781,655419305def3eb1232462dc6d25ed49d80120d406a4f168ab86918bfd773500,1
experiments/r2_active2_batch_1300_0100.csv,2,2,candidate_miner_approx（参数见本行 beam/trans/branch；实验背景见 docs/EXPERIMENTS.md）,1000000,100000,16,1,295,fffe824490670d2e42f3e87dfae6f5cf8ca7723dc099ae8144e22e8f69037486,1
experiments/r2_active2_batch_1400_0100.csv,2,2,candidate_miner_approx（参数见本行 beam/trans/branch；实验背景见 docs/EXPERIMENTS.md）,1000000,100000,16,1,533,75e8dece732fd2a998f01eac7c42489c373b176f0f731138d9b66e5c65f347e7,1
experiments/r2_active2_batch_1500_0100.csv,2,2,candidate_miner_approx（参数见本行 beam/trans/branch；实验背景见 docs/EXPERIMENTS.md）,1000000,100000,16,1,847,3c36782e6b2c0aacd199d77afacd495334dbfd1831aea4adf335b1491450ab34,1
experiments/r2_active2_batch_1600_0100.csv,2,2,candidate_miner_approx（参数见本行 beam/trans/branch；实验背景见 docs/EXPERIMENTS.md）,1000000,100000,16,1,2576,a82c70654676b539e39507b234cefe0881969f395c658f1778d3365e1ead7525,1
experiments/r2_active2_batch_1700_0100.csv,2,2,candidate_miner_approx（参数见本行 beam/trans/branch；实验背景见 docs/EXPERIMENTS.md）,1000000,100000,16,1,2673,11c2ece750ff73913d4394a4cefac263493be4ca0c20aa9150837fa80ad42bc5,1
experiments/r2_active2_batch_1800_0100.csv,2,2,candidate_miner_approx（参数见本行 beam/trans/branch；实验背景见 docs/EXPERIMENTS.md）,1000000,100000,16,1,1967,07dd3257ad5ce9d18ad6e179cdf508f5abda32b95bb63742de2de7930a0d5b6b,1
experiments/r2_active2_batch_1900_0100.csv,2,2,candidate_miner_approx（参数见本行 beam/trans/branch；实验背景见 docs/EXPERIMENTS.md）,1000000,100000,16,1,279,5bd49caf4bac629bacacfb7ffd1218ec31a19fbbeef4d9a3f4e761e203014f05,1
experiments/r2_active2_batch_200_0100.csv,2,2,candidate_miner_approx（参数见本行 beam/trans/branch；实验背景见 docs/EXPERIMENTS.md）,1000000,100000,16,1,982,f917e6778495110bde07c3d0a4f35d45f50efa225b31e9c7fff26852748508f2,1
experiments/r2_active2_batch_2100_0100.csv,2,2,candidate_miner_approx（参数见本行 beam/trans/branch；实验背景见 docs/EXPERIMENTS.md）,1000000,100000,16,1,2354,5430526c77b8b067206aca0914dc52d7a3bd072fbd700ddc54023eca7f0168c7,1
experiments/r2_active2_batch_2200_0100.csv,2,2,candidate_miner_approx（参数见本行 beam/trans/branch；实验背景见 docs/EXPERIMENTS.md）,1000000,100000,16,1,2002,8e9361d322bb42843f094beafd73bf1d00d1f8b8592e34ef1ceb480e621ee88e,1
experiments/r2_active2_batch_2300_0100.csv,2,2,candidate_miner_approx（参数见本行 beam/trans/branch；实验背景见 docs/EXPERIMENTS.md）,1000000,100000,16,1,960,cd980dc8eb5d6348d2d6fa3eb78a058b0619b1ab6697d499ea332a07197fa3b7,1
experiments/r2_active2_batch_2400_0100.csv,2,2,candidate_miner_approx（参数见本行 beam/trans/branch；实验背景见 docs/EXPERIMENTS.md）,1000000,100000,16,1,714,723322215e5c09e27579ca885c23b5b3407de3f5a64b3cce87665572c67f2e5b,1
experiments/r2_active2_batch_2500_0100.csv,2,2,candidate_miner_approx（参数见本行 beam/trans/branch；实验背景见 docs/EXPERIMENTS.md）,1000000,100000,16,1,817,4900ae5cf8542b867b2dd12027a75f6d11523ea63d597e457c57de30e030558a,1
experiments/r2_active2_batch_2600_0100.csv,2,2,candidate_miner_approx（参数见本行 beam/trans/branch；实验背景见 docs/EXPERIMENTS.md）,1000000,100000,16,1,722,219fec300f792682ad71d84caf49a224d5af3fb266482ba655bd8ed5e564dec0,1
experiments/r2_active2_batch_2700_0100.csv,2,2,candidate_miner_approx（参数见本行 beam/trans/branch；实验背景见 docs/EXPERIMENTS.md）,1000000,100000,16,1,773,5c9b974c6d4ce6b03864ea91d86eb49ff975436d50bcbfbb97da407faef61fde,1
experiments/r2_active2_batch_2800_0100.csv,2,2,candidate_miner_approx（参数见本行 beam/trans/branch；实验背景见 docs/EXPERIMENTS.md）,1000000,100000,16,1,805,c6cb6a0a87a04c25e09ffd818dad230006fc8bbc9b93e90e2774359e4efcbbe0,1
experiments/r2_active2_batch_2900_0100.csv,2,2,candidate_miner_approx（参数见本行 beam/trans/branch；实验背景见 docs/EXPERIMENTS.md）,1000000,100000,16,1,503,8ac02612a84f1d18a9b6753e4aa393ea5c2a85096ca1c1ced04030b87ccd3e24,1
experiments/r2_active2_batch_3000_0100.csv,2,2,candidate_miner_approx（参数见本行 beam/trans/branch；实验背景见 docs/EXPERIMENTS.md）,1000000,100000,16,1,501,880d85ae6dc0ba46c3d6c4c66369a94da139b4e4bec781d0e0f9307a2f61d3f9,1
experiments/r2_active2_batch_300_0100.csv,2,2,candidate_miner_approx（参数见本行 beam/trans/branch；实验背景见 docs/EXPERIMENTS.md）,1000000,100000,16,1,692,de04ffbddaba52746da311bed344fff8f87aeff3fccb40b88881e948b8b37da0,1
experiments/r2_active2_batch_3100_0100.csv,2,2,candidate_miner_approx（参数见本行 beam/trans/branch；实验背景见 docs/EXPERIMENTS.md）,1000000,100000,16,1,318,bce83474ca5891ec28995baf34f81b4f65af477a0c36d84b0ada339b2ae41b29,1
experiments/r2_active2_batch_3200_0100.csv,2,2,candidate_miner_approx（参数见本行 beam/trans/branch；实验背景见 docs/EXPERIMENTS.md）,1000000,100000,16,1,525,2d7d30bba42a8333c049fe7eac504db7582739760b01082d38e66d004d823bb1,1
experiments/r2_active2_batch_3300_0100.csv,2,2,candidate_miner_approx（参数见本行 beam/trans/branch；实验背景见 docs/EXPERIMENTS.md）,1000000,100000,16,1,1631,b841857ede12c7320adcf0664ffeb3acc3a220f99e2208d8d86c38156e0f02ca,1
experiments/r2_active2_batch_3400_0100.csv,2,2,candidate_miner_approx（参数见本行 beam/trans/branch；实验背景见 docs/EXPERIMENTS.md）,1000000,100000,16,1,2654,e9c103c07de62bd396f27038346e8d4cd4fa53487958af1f7011000a6694ae99,1
experiments/r2_active2_batch_3500_0100.csv,2,2,candidate_miner_approx（参数见本行 beam/trans/branch；实验背景见 docs/EXPERIMENTS.md）,1000000,100000,16,1,2658,4832ca71305ceb53dbebac7efaf2ebb3bd001c2e39bec5162e5d9fde1e5af75f,1
experiments/r2_active2_batch_3600_0100.csv,2,2,candidate_miner_approx（参数见本行 beam/trans/branch；实验背景见 docs/EXPERIMENTS.md）,1000000,100000,16,1,1796,457294cbc3fc09bc92a197433604092e7560dcd4b7dae28fbe2681f6bdfad338,1
experiments/r2_active2_batch_3700_0100.csv,2,2,candidate_miner_approx（参数见本行 beam/trans/branch；实验背景见 docs/EXPERIMENTS.md）,1000000,100000,16,1,2152,31284e92e73f9a10c428da1f20160db5e91929deaf72aec483cd9860ff598b33,1
experiments/r2_active2_batch_3800_0100.csv,2,2,candidate_miner_approx（参数见本行 beam/trans/branch；实验背景见 docs/EXPERIMENTS.md）,1000000,100000,16,1,395,368f3dff0fe7548588950eccf632f3f1bdb8c023020e77925cdd98cc3a4fd7a3,1
experiments/r2_active2_batch_3900_0100.csv,2,2,candidate_miner_approx（参数见本行 beam/trans/branch；实验背景见 docs/EXPERIMENTS.md）,1000000,100000,16,1,424,211b2bbebb92cece2110307efae81ac04fe95530195ef7c009ad5145327f9136,1
experiments/r2_active2_batch_4000_0100.csv,2,2,candidate_miner_approx（参数见本行 beam/trans/branch；实验背景见 docs/EXPERIMENTS.md）,1000000,100000,16,1,2334,c4e89fa68afebd8b94a31eb582af32910ce45ab92510ade56c798962fe8e8709,1
experiments/r2_active2_batch_400_0100.csv,2,2,candidate_miner_approx（参数见本行 beam/trans/branch；实验背景见 docs/EXPERIMENTS.md）,1000000,100000,16,1,1171,5974795f91e97291662583c461d3a99d1fb66f232e1c2fd6118cbf41c9e9aa30,1
experiments/r2_active2_batch_4100_0100.csv,2,2,candidate_miner_approx（参数见本行 beam/trans/branch；实验背景见 docs/EXPERIMENTS.md）,1000000,100000,16,1,1216,1cc599ee9322ec63fd54bce95b9e541fc7ac64b02d088d79026af26189ba0d0f,1
experiments/r2_active2_batch_4200_0100.csv,2,2,candidate_miner_approx（参数见本行 beam/trans/branch；实验背景见 docs/EXPERIMENTS.md）,1000000,100000,16,1,619,044e8c1dd42cf832e2148f2d6c80d48764bfb2893a28025454e4860f789e6741,1
experiments/r2_active2_batch_4300_0100.csv,2,2,candidate_miner_approx（参数见本行 beam/trans/branch；实验背景见 docs/EXPERIMENTS.md）,1000000,100000,16,1,860,630c53833ed229e88439fce3eb662897e1d654d3dbae8e49601bb080377c36f5,1
experiments/r2_active2_batch_4400_0100.csv,2,2,candidate_miner_approx（参数见本行 beam/trans/branch；实验背景见 docs/EXPERIMENTS.md）,1000000,100000,16,1,649,96c497ce3dddfe1b2f52c2c267e05657841a0b4e5205e0c37565a133ed0b758d,1
experiments/r2_active2_batch_4500_0100.csv,2,2,candidate_miner_approx（参数见本行 beam/trans/branch；实验背景见 docs/EXPERIMENTS.md）,1000000,100000,16,1,783,f9071dab6df0de755ba2b68e96f81611921afefcd86f0cff84514832b5c358a6,1
experiments/r2_active2_batch_4600_0100.csv,2,2,candidate_miner_approx（参数见本行 beam/trans/branch；实验背景见 docs/EXPERIMENTS.md）,1000000,100000,16,1,573,fdacc6c9a118686d0385a3741e30b4844e4cc906c1ca8b39c41651f1f80111fd,1
experiments/r2_active2_batch_4700_0100.csv,2,2,candidate_miner_approx（参数见本行 beam/trans/branch；实验背景见 docs/EXPERIMENTS.md）,1000000,100000,16,1,384,269fd2b6c09a73ff397cbc674d9dcc6bdce7a19d8973614997de2a3c3a879306,1
experiments/r2_active2_batch_4800_0100.csv,2,2,candidate_miner_approx（参数见本行 beam/trans/branch；实验背景见 docs/EXPERIMENTS.md）,1000000,100000,16,1,419,d4f3094bb494f844ecdf3b5ee0ffb2b2dffb9625f9e80ce02d330f310ed7b37d,1
experiments/r2_active2_batch_4900_0100.csv,2,2,candidate_miner_approx（参数见本行 beam/trans/branch；实验背景见 docs/EXPERIMENTS.md）,1000000,100000,16,1,613,e1b7cce5b14295c7caab7ca9f691b951f99b372a68ac24f124ae02318f283f56,1
experiments/r2_active2_batch_5000_0100.csv,2,2,candidate_miner_approx（参数见本行 beam/trans/branch；实验背景见 docs/EXPERIMENTS.md）,1000000,100000,16,1,2623,3e9a71655d569ab0a36795180ff95d8fcc4c1b8f4a86f82457ab289bf94bdbde,1
experiments/r2_active2_batch_500_0100.csv,2,2,candidate_miner_approx（参数见本行 beam/trans/branch；实验背景见 docs/EXPERIMENTS.md）,1000000,100000,16,1,1751,374cd1b2c3384bc0ed07ff0d871f504ccd20a49b640db8b319ff5ff1cc6ab024,1
experiments/r2_active2_batch_5100_0100.csv,2,2,candidate_miner_approx（参数见本行 beam/trans/branch；实验背景见 docs/EXPERIMENTS.md）,1000000,100000,16,1,2232,769e6eb8b73392fe841ae611c2f53c42a752bea2f1deaa0c665bad6e0d8e2f11,1
experiments/r2_active2_batch_5200_0100.csv,2,2,candidate_miner_approx（参数见本行 beam/trans/branch；实验背景见 docs/EXPERIMENTS.md）,1000000,100000,16,1,1923,afee251784131faab207c74fa0c639843a1adc3fe31de38ef6b162a925f7f897,1
experiments/r2_active2_batch_5300_0100.csv,2,2,candidate_miner_approx（参数见本行 beam/trans/branch；实验背景见 docs/EXPERIMENTS.md）,1000000,100000,16,1,1828,b16d0dc066f7f8c566971c33f1b99f9da0d00f89e8c885df2890e124d6d9f658,1
experiments/r2_active2_batch_5400_0100.csv,2,2,candidate_miner_approx（参数见本行 beam/trans/branch；实验背景见 docs/EXPERIMENTS.md）,1000000,100000,16,1,816,f9c1b3d51f4887b5eeee897dd42edaaf0a9bdfd93cb3d29de6686f99cd754ae4,1
experiments/r2_active2_batch_5500_0100.csv,2,2,candidate_miner_approx（参数见本行 beam/trans/branch；实验背景见 docs/EXPERIMENTS.md）,1000000,100000,16,1,1171,9df3dd6e0c7c1d2341db1d007ab5d21e299db0fe8a8a28525b207574115ec57c,1
experiments/r2_active2_batch_5600_0100.csv,2,2,candidate_miner_approx（参数见本行 beam/trans/branch；实验背景见 docs/EXPERIMENTS.md）,1000000,100000,16,1,718,c765a43505423be12ddd652b1fd869bfd6a0675fa25a3dec1a0399a55da5481d,1
experiments/r2_active2_batch_5700_0100.csv,2,2,candidate_miner_approx（参数见本行 beam/trans/branch；实验背景见 docs/EXPERIMENTS.md）,1000000,100000,16,1,725,56d8dd8b45b6f6cec245fce38848f248c92a0d743a0a8bea0433c822999ebaf0,1
experiments/r2_active2_batch_5800_0100.csv,2,2,candidate_miner_approx（参数见本行 beam/trans/branch；实验背景见 docs/EXPERIMENTS.md）,1000000,100000,16,1,272,5994d5d4c3301006df958b452411f2212e0671a855304e86e17fc3f4da2ff509,1
experiments/r2_active2_batch_5900_0100.csv,2,2,candidate_miner_approx（参数见本行 beam/trans/branch；实验背景见 docs/EXPERIMENTS.md）,1000000,100000,16,1,1160,afcac1a74ab024736269bb2e3cc8fb71d2975d047bf518c9ead857409ef5d6ac,1
experiments/r2_active2_batch_6000_0100.csv,2,2,candidate_miner_approx（参数见本行 beam/trans/branch；实验背景见 docs/EXPERIMENTS.md）,1000000,100000,16,1,1963,0fca238a2f420490cc32941fb5ca86a298778b80727ed5c239dc9dccc7eab2a1,1
experiments/r2_active2_batch_6100_0100.csv,2,2,candidate_miner_approx（参数见本行 beam/trans/branch；实验背景见 docs/EXPERIMENTS.md）,1000000,100000,16,1,1650,69ea72a8c40df2de39e83d0adc3d5fec8081965d207781c8b6fc300b6de3ec60,1
experiments/r2_active2_batch_6200_0100.csv,2,2,candidate_miner_approx（参数见本行 beam/trans/branch；实验背景见 docs/EXPERIMENTS.md）,1000000,100000,16,1,690,33001a19532d2ea5439372e2052c30f2b9d00a84df28f2ec1b3fc1c8932656a5,1
experiments/r2_active2_batch_6300_0100.csv,2,2,candidate_miner_approx（参数见本行 beam/trans/branch；实验背景见 docs/EXPERIMENTS.md）,1000000,100000,16,1,1345,034eeee1b3c65209b1445e95efe113ad28aeff01b859caea10d5589d907deebc,1
experiments/r2_active2_batch_700_0100.csv,2,2,candidate_miner_approx（参数见本行 beam/trans/branch；实验背景见 docs/EXPERIMENTS.md）,1000000,100000,16,1,2476,7cf2adf0efd78a0207504e6db98261cb004fd4e3171ff6524ec6c43cf5233028,1
experiments/r2_active2_batch_800_0100.csv,2,2,candidate_miner_approx（参数见本行 beam/trans/branch；实验背景见 docs/EXPERIMENTS.md）,1000000,100000,16,1,1348,67c7161632ae41ff809e9c76026c0f123deb96a29422adf4004ca4bb28061262,1
experiments/r2_active2_batch_900_0100.csv,2,2,candidate_miner_approx（参数见本行 beam/trans/branch；实验背景见 docs/EXPERIMENTS.md）,1000000,100000,16,1,921,0082025037b8279f7a499472216f1d9f765c818576c2e7606161cce52053cf85,1
experiments/r2_active2_edge120.csv,2,2,candidate_miner_approx（参数见本行 beam/trans/branch；实验背景见 docs/EXPERIMENTS.md）,1000000,100000,16,1,980,bb913c97cdc5610c0cc7ad08684f057beb4a0b7ad4cc8754aeaa538b95a9ee96,1
experiments/r2_active2_edge6400.csv,2,2,candidate_miner_approx（参数见本行 beam/trans/branch；实验背景见 docs/EXPERIMENTS.md）,1000000,100000,16,1,171,260183b24879ecb95d92a9983928238e291c0526f58a14a87b35ceb661b9473f,1
experiments/r2_active3_a3_15020.csv,2,3,candidate_miner_approx（参数见本行 beam/trans/branch；实验背景见 docs/EXPERIMENTS.md）,1000000,100000,16,1,18,5787e10b21b34a78b1363702701ddd6702f24931432e4f57e201db30baa6026d,1
experiments/r2_active3_a3_50020.csv,2,3,candidate_miner_approx（参数见本行 beam/trans/branch；实验背景见 docs/EXPERIMENTS.md）,1000000,100000,16,1,76,82a18b08940b902505e0340b459fd691a756997d64d5afeddbcd70ead1555d0e,1
experiments/r2_active3_a3_100020.csv,2,3,candidate_miner_approx（参数见本行 beam/trans/branch；实验背景见 docs/EXPERIMENTS.md）,1000000,100000,16,1,12,3466d689244826b252b552e6ae63b832caf87d112afb56406afd5d1d335eddf3,1
experiments/r2_active3_a3_190020.csv,2,3,candidate_miner_approx（参数见本行 beam/trans/branch；实验背景见 docs/EXPERIMENTS.md）,1000000,100000,16,1,73,5da8a3f8af8e71cacd0baef772b5e9bed2e4595a1a053cc1928865fc0cf1c40a,1
experiments/r2_active3_near_100010_0020.csv,2,3,candidate_miner_approx（参数见本行 beam/trans/branch；实验背景见 docs/EXPERIMENTS.md）,1000000,100000,16,1,96,303d72a6379fe0fb77e7a88e6ef30f1b06f22d053874e383faaa01cb689fda1f,1
experiments/r2_active3_near_100030_0020.csv,2,3,candidate_miner_approx（参数见本行 beam/trans/branch；实验背景见 docs/EXPERIMENTS.md）,1000000,100000,16,1,106,37f66ac00d79ef5a77538939a99efb3eeb1219cafd0549d8e3caa842aace965a,1
experiments/r2_active3_near_100050_0020.csv,2,3,candidate_miner_approx（参数见本行 beam/trans/branch；实验背景见 docs/EXPERIMENTS.md）,1000000,100000,16,1,109,51f3989f9827f2e8928707ea854263459ac92cff56ce12485e18a01648f2d5ea,1
experiments/r2_active3_near_100070_0020.csv,2,3,candidate_miner_approx（参数见本行 beam/trans/branch；实验背景见 docs/EXPERIMENTS.md）,1000000,100000,16,1,194,c9728b2ed2ef53c3f69e6de3991fa818b4f301d139d7b2f6c7fa1f99c3e0f8e8,1
experiments/r2_active3_near_100090_0020.csv,2,3,candidate_miner_approx（参数见本行 beam/trans/branch；实验背景见 docs/EXPERIMENTS.md）,1000000,100000,16,1,249,4b2321b6446af86a6b592a8da67f5092702c04dc9012bd5fb583bbf8b04904df,1
experiments/r2_active3_near_100110_0020.csv,2,3,candidate_miner_approx（参数见本行 beam/trans/branch；实验背景见 docs/EXPERIMENTS.md）,1000000,100000,16,1,80,d788223119e09afbcb16dd5d4dcc225d24d717bddb903dee92ed0dc3432bcd65,1
experiments/r2_active3_near_100130_0020.csv,2,3,candidate_miner_approx（参数见本行 beam/trans/branch；实验背景见 docs/EXPERIMENTS.md）,1000000,100000,16,1,66,953a650579d9f81d022abfce9c7ad35519b13f29bfe552832f8b0d3f64eaf885,1
experiments/r2_active3_near_100150_0020.csv,2,3,candidate_miner_approx（参数见本行 beam/trans/branch；实验背景见 docs/EXPERIMENTS.md）,1000000,100000,16,1,4,073824819c454cb8c837bb572acf225dc9e0da5a8a00508472f265a5abe21a94,1
experiments/r2_active3_near_100170_0020.csv,2,3,candidate_miner_approx（参数见本行 beam/trans/branch；实验背景见 docs/EXPERIMENTS.md）,1000000,100000,16,1,2,3270f892b0a0e034fbc1367364f8637e25c2095c1b8b6b6d3aff29b889dc3eb5,1
experiments/r2_active3_near_100190_0020.csv,2,3,candidate_miner_approx（参数见本行 beam/trans/branch；实验背景见 docs/EXPERIMENTS.md）,1000000,100000,16,1,2,93941a40b9f592f834412fc501f5ad55f22c6a506387fdc2dae1fb09c0e16587,1
experiments/r2_active3_near_100230_0020.csv,2,3,candidate_miner_approx（参数见本行 beam/trans/branch；实验背景见 docs/EXPERIMENTS.md）,1000000,100000,16,1,4,a0f8fb5f632b30c579784c2ef9448f1b22441101cab7eb2bf9190de9b3ae5674,1
experiments/r2_active3_near_100270_0020.csv,2,3,candidate_miner_approx（参数见本行 beam/trans/branch；实验背景见 docs/EXPERIMENTS.md）,1000000,100000,16,1,8,38532b5b30599a0171d385f22beae2c5c1781a6ecef6c3e50b85a4fd2b0390b7,1
experiments/r2_active3_near_100290_0020.csv,2,3,candidate_miner_approx（参数见本行 beam/trans/branch；实验背景见 docs/EXPERIMENTS.md）,1000000,100000,16,1,2,e3fa65f6966140efd4dcb7af24b9e58466c8455c67cb55d5a1478ef85263fda3,1
experiments/r2_active3_near_14950_0020.csv,2,3,candidate_miner_approx（参数见本行 beam/trans/branch；实验背景见 docs/EXPERIMENTS.md）,1000000,100000,16,1,23,2b5999b91c78921f5a5c49ea88d2aad57375f0fef1685d5639a2761b4ad9cabe,1
experiments/r2_active3_near_14970_0020.csv,2,3,candidate_miner_approx（参数见本行 beam/trans/branch；实验背景见 docs/EXPERIMENTS.md）,1000000,100000,16,1,68,d7d7a7a7847dc69311feb108be5c9a98c6a0655a65198c86c9954472580e0f5a,1
experiments/r2_active3_near_15010_0020.csv,2,3,candidate_miner_approx（参数见本行 beam/trans/branch；实验背景见 docs/EXPERIMENTS.md）,1000000,100000,16,1,62,81e4253423e98814626d0febfea836d3f00de88dbd06050a0b44d495ba9a9d1b,1
experiments/r2_active3_near_15030_0020.csv,2,3,candidate_miner_approx（参数见本行 beam/trans/branch；实验背景见 docs/EXPERIMENTS.md）,1000000,100000,16,1,24,f0e03649e9f7a59e619f913448808f479d27b0d28429aa2b812d11890efebb16,1
experiments/r2_active3_near_15050_0020.csv,2,3,candidate_miner_approx（参数见本行 beam/trans/branch；实验背景见 docs/EXPERIMENTS.md）,1000000,100000,16,1,10,59e89362690aac7090947913440562f02c3f87d8768a4a5b0e3f1343e42e8f58,1
experiments/r2_active3_near_15070_0020.csv,2,3,candidate_miner_approx（参数见本行 beam/trans/branch；实验背景见 docs/EXPERIMENTS.md）,1000000,100000,16,1,4,2e8a080750d5ba5f18c74d067dc8508a46c3dc407b1baeefc84994c428c59288,1
experiments/r2_active3_near_15090_0020.csv,2,3,candidate_miner_approx（参数见本行 beam/trans/branch；实验背景见 docs/EXPERIMENTS.md）,1000000,100000,16,1,8,c331535bc7d52153334dbd3fc59bfe49c245d404185ac24eaf1bf6e0936da5ac,1
experiments/r2_active3_near_189970_0020.csv,2,3,candidate_miner_approx（参数见本行 beam/trans/branch；实验背景见 docs/EXPERIMENTS.md）,1000000,100000,16,1,6,8eaac3334c03a4f0f9871aff988a97f64a510fbe54dfbe47ea7333b4c08fb92f,1
experiments/r2_active3_near_189990_0020.csv,2,3,candidate_miner_approx（参数见本行 beam/trans/branch；实验背景见 docs/EXPERIMENTS.md）,1000000,100000,16,1,106,bfafb523234ffb8d383b7a15296815292f3fa22d06ec03878bc4829d4948d11a,1
experiments/r2_active3_near_190010_0020.csv,2,3,candidate_miner_approx（参数见本行 beam/trans/branch；实验背景见 docs/EXPERIMENTS.md）,1000000,100000,16,1,202,3c6d82f52a25200ed0a84f56292e4812602ff6f91b0244ad3bed45c94d337f65,1
experiments/r2_active3_near_190030_0020.csv,2,3,candidate_miner_approx（参数见本行 beam/trans/branch；实验背景见 docs/EXPERIMENTS.md）,1000000,100000,16,1,208,e537904f1c01fc7110b645fc5609c8457dea123edd474172dee857571d7ddebc,1
experiments/r2_active3_near_190050_0020.csv,2,3,candidate_miner_approx（参数见本行 beam/trans/branch；实验背景见 docs/EXPERIMENTS.md）,1000000,100000,16,1,83,07dae04cb628574aabd7e46c5453797be1801acdbbc27c0c7aa0a37270663d61,1
experiments/r2_active3_near_190070_0020.csv,2,3,candidate_miner_approx（参数见本行 beam/trans/branch；实验背景见 docs/EXPERIMENTS.md）,1000000,100000,16,1,134,9b33a23c019527885c68e2865ae08c07db0923780cbfff8d7dae1906635119c7,1
experiments/r2_active3_near_190090_0020.csv,2,3,candidate_miner_approx（参数见本行 beam/trans/branch；实验背景见 docs/EXPERIMENTS.md）,1000000,100000,16,1,60,dda8d9fa54300d18cc672c03eddf2c505f727585fa427834ded55cbf44bcf348,1
experiments/r2_active3_near_190110_0020.csv,2,3,candidate_miner_approx（参数见本行 beam/trans/branch；实验背景见 docs/EXPERIMENTS.md）,1000000,100000,16,1,96,4e300e146d1d49d296775e6ab37f8bfa5d87ce2884064ce7cdd5aad9b66ecebb,1
experiments/r2_active3_near_190130_0020.csv,2,3,candidate_miner_approx（参数见本行 beam/trans/branch；实验背景见 docs/EXPERIMENTS.md）,1000000,100000,16,1,84,31f314b99d298be72602fffd86b82acbd8562efdc5d4c75b99906287d14e7ffb,1
experiments/r2_active3_near_190150_0020.csv,2,3,candidate_miner_approx（参数见本行 beam/trans/branch；实验背景见 docs/EXPERIMENTS.md）,1000000,100000,16,1,32,ee4f626f1075588bf1117377326f66dc88457d29310096c84bf016d40605b30e,1
experiments/r2_active3_near_190170_0020.csv,2,3,candidate_miner_approx（参数见本行 beam/trans/branch；实验背景见 docs/EXPERIMENTS.md）,1000000,100000,16,1,4,02d7658a5caad4559b3cd809008b87ada474948c50f7032c75577b7d096bf923,1
experiments/r2_active3_near_190190_0020.csv,2,3,candidate_miner_approx（参数见本行 beam/trans/branch；实验背景见 docs/EXPERIMENTS.md）,1000000,100000,16,1,12,b2f5e98a512bf35ef0c8f0296d7d8d09357f40705f9a9f2d7a6ff28ac895f83e,1
experiments/r2_active3_near_190210_0020.csv,2,3,candidate_miner_approx（参数见本行 beam/trans/branch；实验背景见 docs/EXPERIMENTS.md）,1000000,100000,16,1,8,1b809530c3c0d446b7a42b990a378bc8de52af6fd9fb8824796c7c8ad8df5d89,1
experiments/r2_active3_near_190230_0020.csv,2,3,candidate_miner_approx（参数见本行 beam/trans/branch；实验背景见 docs/EXPERIMENTS.md）,1000000,100000,16,1,12,2fce327883c575046ee370152bcccc4e8f9a55db8af9daf4ae3fbfa53bea02ae,1
experiments/r2_active3_near_190250_0020.csv,2,3,candidate_miner_approx（参数见本行 beam/trans/branch；实验背景见 docs/EXPERIMENTS.md）,1000000,100000,16,1,6,69d2c6bf1aa316090cd7566f0e6e9d87c95f7bf47e7ebd83407d4398c4fa7655,1
experiments/r2_active3_near_190270_0020.csv,2,3,candidate_miner_approx（参数见本行 beam/trans/branch；实验背景见 docs/EXPERIMENTS.md）,1000000,100000,16,1,12,723a91928d0fa486e4da6fa121f423f2a767ebc355024abee0f0fc8268650e35,1
experiments/r2_active3_near_190290_0020.csv,2,3,candidate_miner_approx（参数见本行 beam/trans/branch；实验背景见 docs/EXPERIMENTS.md）,1000000,100000,16,1,12,ce6aef2c3077105823e2b3112f958ad9c0dbfdfea24411a0e428db8bb5ca956a,1
experiments/r2_active3_near_190310_0020.csv,2,3,candidate_miner_approx（参数见本行 beam/trans/branch；实验背景见 docs/EXPERIMENTS.md）,1000000,100000,16,1,14,4e0f54503bd0707a08fca86accd58791267a5ddfb1367b6691b0f70e46c4ef60,1
experiments/r2_active3_near_190330_0020.csv,2,3,candidate_miner_approx（参数见本行 beam/trans/branch；实验背景见 docs/EXPERIMENTS.md）,1000000,100000,16,1,20,b6f0ae168ae0c1c12eaac5d6220313b7c934e740832b427babfee11a0df8bf25,1
experiments/r2_active3_near_49590_0020.csv,2,3,candidate_miner_approx（参数见本行 beam/trans/branch；实验背景见 docs/EXPERIMENTS.md）,1000000,100000,16,1,140,558325e593869012ad9882f9a918e4ffada7be8d5c082efe2a3552c5ff775fcc,1
experiments/r2_active3_near_49610_0020.csv,2,3,candidate_miner_approx（参数见本行 beam/trans/branch；实验背景见 docs/EXPERIMENTS.md）,1000000,100000,16,1,500,2d4eece02369a11754bee58a730261a2c52d35d1795f170306f96bb14931e625,1
experiments/r2_active3_near_49630_0020.csv,2,3,candidate_miner_approx（参数见本行 beam/trans/branch；实验背景见 docs/EXPERIMENTS.md）,1000000,100000,16,1,471,789e5348fd5f6d38c79d3d36863383aa82d590de23e98d21875ad0d434f6850d,1
experiments/r2_active3_near_49650_0020.csv,2,3,candidate_miner_approx（参数见本行 beam/trans/branch；实验背景见 docs/EXPERIMENTS.md）,1000000,100000,16,1,686,a37f7ffdee3711eab6cda57bfbb6759f49fdf8276166ea7d46776a856b862b8c,1
experiments/r2_active3_near_49670_0020.csv,2,3,candidate_miner_approx（参数见本行 beam/trans/branch；实验背景见 docs/EXPERIMENTS.md）,1000000,100000,16,1,569,250b337c3f9e7ac2cbba7e7d0498f8aad0584fb09687b4e5a320cdce6ee57d75,1
experiments/r2_active3_near_49690_0020.csv,2,3,candidate_miner_approx（参数见本行 beam/trans/branch；实验背景见 docs/EXPERIMENTS.md）,1000000,100000,16,1,461,6437aa69c06b2d89f2e8f1f3268942b3621ed76f16a511692af117286db27a97,1
experiments/r2_active3_near_49710_0020.csv,2,3,candidate_miner_approx（参数见本行 beam/trans/branch；实验背景见 docs/EXPERIMENTS.md）,1000000,100000,16,1,483,354e62c7d7021a93d8ca06ba0f492df03801f46ef4a6bc463d7766afb1318fed,1
experiments/r2_active3_near_49730_0020.csv,2,3,candidate_miner_approx（参数见本行 beam/trans/branch；实验背景见 docs/EXPERIMENTS.md）,1000000,100000,16,1,359,c4a95a440605a1da2cc486ea1027cc3b5b410b4058734c2acdf9278c0d6d6906,1
experiments/r2_active3_near_49750_0020.csv,2,3,candidate_miner_approx（参数见本行 beam/trans/branch；实验背景见 docs/EXPERIMENTS.md）,1000000,100000,16,1,326,2b274e6266a3e1161b1c91488352959a5f4573ed8682675393d180b71f9b8d09,1
experiments/r2_active3_near_49770_0020.csv,2,3,candidate_miner_approx（参数见本行 beam/trans/branch；实验背景见 docs/EXPERIMENTS.md）,1000000,100000,16,1,444,8a5241adc186d40770168722da082d99001bff55ad95b159f56efb8cca7ae381,1
experiments/r2_active3_near_49790_0020.csv,2,3,candidate_miner_approx（参数见本行 beam/trans/branch；实验背景见 docs/EXPERIMENTS.md）,1000000,100000,16,1,370,9df6a454123c009c21587a28e18661ea1996aaeb19891c7de6ba8049063902a3,1
experiments/r2_active3_near_49810_0020.csv,2,3,candidate_miner_approx（参数见本行 beam/trans/branch；实验背景见 docs/EXPERIMENTS.md）,1000000,100000,16,1,111,e796fe1ba864b9cd47172ed857402f01b9cdab49a965d79f83ddc261cc75298e,1
experiments/r2_active3_near_49830_0020.csv,2,3,candidate_miner_approx（参数见本行 beam/trans/branch；实验背景见 docs/EXPERIMENTS.md）,1000000,100000,16,1,93,aa4109f7a43abd14288626751290f63cd0bc3cd2debb5da03827fce6c31955c9,1
experiments/r2_active3_near_49850_0020.csv,2,3,candidate_miner_approx（参数见本行 beam/trans/branch；实验背景见 docs/EXPERIMENTS.md）,1000000,100000,16,1,163,894404c91b611d20d0e9070ced17147ff168db103ff169c6991b8110f19f0cf0,1
experiments/r2_active3_near_49870_0020.csv,2,3,candidate_miner_approx（参数见本行 beam/trans/branch；实验背景见 docs/EXPERIMENTS.md）,1000000,100000,16,1,146,d0fc79b612e15f77f2d8f41035c4e4fa95d6c94ea14d1af1e6b3c793a30f1efb,1
experiments/r2_active3_near_49890_0020.csv,2,3,candidate_miner_approx（参数见本行 beam/trans/branch；实验背景见 docs/EXPERIMENTS.md）,1000000,100000,16,1,137,d7544a6b0abf1b4f9e91cebc7895c7a23737314f99c81aa131e27bd2e1d5bce9,1
experiments/r2_active3_near_49910_0020.csv,2,3,candidate_miner_approx（参数见本行 beam/trans/branch；实验背景见 docs/EXPERIMENTS.md）,1000000,100000,16,1,234,a4840e884437bce9bc219dfa31d4d42c90a32aeec419d7817130c1395677a6d2,1
experiments/r2_active3_near_49930_0020.csv,2,3,candidate_miner_approx（参数见本行 beam/trans/branch；实验背景见 docs/EXPERIMENTS.md）,1000000,100000,16,1,94,a02a5c540246356f2a389c483a34a2af22e3da20b5129871fa3f54c414872ca4,1
experiments/r2_active3_near_49950_0020.csv,2,3,candidate_miner_approx（参数见本行 beam/trans/branch；实验背景见 docs/EXPERIMENTS.md）,1000000,100000,16,1,129,2ce881b68c92ebe48f4d5fe4b2647096381c3fe0cdc3fdec2d1f7bdafafb97fd,1
experiments/r2_active3_near_49970_0020.csv,2,3,candidate_miner_approx（参数见本行 beam/trans/branch；实验背景见 docs/EXPERIMENTS.md）,1000000,100000,16,1,114,4d7ebc93a1694f05fdcd9379c37203e5d84bbf83f9070e6083e244875dcfce44,1
experiments/r2_active3_near_49990_0020.csv,2,3,candidate_miner_approx（参数见本行 beam/trans/branch；实验背景见 docs/EXPERIMENTS.md）,1000000,100000,16,1,235,e9b8b4ea4685988a64d3b6eca4d150de2683d37cbbe58b3d74a92546b4af146c,1
experiments/r2_active3_near_50000_0020.csv,2,3,candidate_miner_approx（参数见本行 beam/trans/branch；实验背景见 docs/EXPERIMENTS.md）,1000000,100000,16,1,205,bad3295789e0c3833e0c6de658318734c73ae19f807c3a02a3b847f43aaa3aa8,1
experiments/r2_active3_near_50010_0020.csv,2,3,candidate_miner_approx（参数见本行 beam/trans/branch；实验背景见 docs/EXPERIMENTS.md）,1000000,100000,16,1,89,57dc464152a2f7df925678d861b973f915867fd0c122f92c7ff065101052e586,1
experiments/r2_active3_near_50020_0020.csv,2,3,candidate_miner_approx（参数见本行 beam/trans/branch；实验背景见 docs/EXPERIMENTS.md）,1000000,100000,16,1,154,26ae78c7cbbe2e60886ca65afa440def26432c4ccf1a97000ceee8be55bff390,1
experiments/r2_active3_near_50030_0020.csv,2,3,candidate_miner_approx（参数见本行 beam/trans/branch；实验背景见 docs/EXPERIMENTS.md）,1000000,100000,16,1,202,cc6d5b3e56bd48f517b2c9368139ffaa9ffed66598f7373a722ad1b18dc4a071,1
experiments/r2_active3_near_50040_0020.csv,2,3,candidate_miner_approx（参数见本行 beam/trans/branch；实验背景见 docs/EXPERIMENTS.md）,1000000,100000,16,1,137,e7a98e3ee6e89d573b6a89115287204361a410aef27bd6a753cce694a553ca90,1
experiments/r2_active3_near_50050_0020.csv,2,3,candidate_miner_approx（参数见本行 beam/trans/branch；实验背景见 docs/EXPERIMENTS.md）,1000000,100000,16,1,151,f577df077530c4e6dd2bdb5ed00708a596f9f290867dd703cb7ef496abc5831a,1
experiments/r2_active3_near_50060_0020.csv,2,3,candidate_miner_approx（参数见本行 beam/trans/branch；实验背景见 docs/EXPERIMENTS.md）,1000000,100000,16,1,264,aee44315adbbfb3cd39a5290ad2333b8abc4c2e535b932e4d912cfd7c3e3af48,1
experiments/r2_active3_near_50070_0020.csv,2,3,candidate_miner_approx（参数见本行 beam/trans/branch；实验背景见 docs/EXPERIMENTS.md）,1000000,100000,16,1,163,e65feb04576f41af190718444722d30415f21ac4959577b8f89b36344b850f5d,1
experiments/r2_active3_near_50090_0020.csv,2,3,candidate_miner_approx（参数见本行 beam/trans/branch；实验背景见 docs/EXPERIMENTS.md）,1000000,100000,16,1,137,6cc11a0957dc5cffeb9242955aa754f9fe99b9849e4aa9d29252b9de0ef32190,1
experiments/r2_active3_near_50110_0020.csv,2,3,candidate_miner_approx（参数见本行 beam/trans/branch；实验背景见 docs/EXPERIMENTS.md）,1000000,100000,16,1,110,1a039458396917210977ff028be822bbd87b986562c5bd886ecc540e7ca26955,1
experiments/r2_active3_near_50130_0020.csv,2,3,candidate_miner_approx（参数见本行 beam/trans/branch；实验背景见 docs/EXPERIMENTS.md）,1000000,100000,16,1,201,2004e1346f83ae7636d734539c12730a1df810ad7a4fe323e7e5702a58ebc5dc,1
experiments/r2_active3_near_50150_0020.csv,2,3,candidate_miner_approx（参数见本行 beam/trans/branch；实验背景见 docs/EXPERIMENTS.md）,1000000,100000,16,1,175,74e4364b8e2cb550431b9e621a32ef9291cc5a93bce6b010cd6886b65a6abe1e,1
experiments/r2_active3_near_50170_0020.csv,2,3,candidate_miner_approx（参数见本行 beam/trans/branch；实验背景见 docs/EXPERIMENTS.md）,1000000,100000,16,1,120,016686842023090aaab7f92625e77c043526af99255091b40026ab5909b13a69,1
experiments/r2_active3_near_50190_0020.csv,2,3,candidate_miner_approx（参数见本行 beam/trans/branch；实验背景见 docs/EXPERIMENTS.md）,1000000,100000,16,1,140,2598961a49c654bb31afefe33be6c96771f322c49222eef62ee56a77ca146201,1
experiments/r2_active3_near_50210_0020.csv,2,3,candidate_miner_approx（参数见本行 beam/trans/branch；实验背景见 docs/EXPERIMENTS.md）,1000000,100000,16,1,224,fb3d40362559200530f7b8a5f00328c2b30e77d746010be525162f6bf8070116,1
experiments/r2_active3_near_50230_0020.csv,2,3,candidate_miner_approx（参数见本行 beam/trans/branch；实验背景见 docs/EXPERIMENTS.md）,1000000,100000,16,1,122,8187ef990feeaf2697997151606570c2a1b86a52a9e86d00103c32e74a84228b,1
experiments/r2_active3_near_50250_0020.csv,2,3,candidate_miner_approx（参数见本行 beam/trans/branch；实验背景见 docs/EXPERIMENTS.md）,1000000,100000,16,1,154,63890e36273b2aebfe33ea6121938ce7299c678fc4e60ea595c733837cc27c55,1
experiments/r2_active3_near_50270_0020.csv,2,3,candidate_miner_approx（参数见本行 beam/trans/branch；实验背景见 docs/EXPERIMENTS.md）,1000000,100000,16,1,132,b579a67be99d31a154cd860ce365e1202318dffdf31edcd54eb15b6054d6e0d5,1
experiments/r2_active3_near_50290_0020.csv,2,3,candidate_miner_approx（参数见本行 beam/trans/branch；实验背景见 docs/EXPERIMENTS.md）,1000000,100000,16,1,104,013b03b11e9e8861537767d7da2c645514321aeba53099cd8ec05424273d6f71,1
experiments/r2_active3_near_50310_0020.csv,2,3,candidate_miner_approx（参数见本行 beam/trans/branch；实验背景见 docs/EXPERIMENTS.md）,1000000,100000,16,1,247,9eccbd6670160e8ff6731f0b5455575ef1c383a6387d427dcb62589e5ba738d4,1
experiments/r2_active3_near_50330_0020.csv,2,3,candidate_miner_approx（参数见本行 beam/trans/branch；实验背景见 docs/EXPERIMENTS.md）,1000000,100000,16,1,125,4e2dc14b8dc75650fa02d08a21333850907341533286162da5d73fb15956f5b1,1
experiments/r2_active3_near_50350_0020.csv,2,3,candidate_miner_approx（参数见本行 beam/trans/branch；实验背景见 docs/EXPERIMENTS.md）,1000000,100000,16,1,190,8943c45888ea4cf6d0e695d43ed1331f82b9b773e98c5e80a58b886864716bfa,1
experiments/r2_active3_near_50370_0020.csv,2,3,candidate_miner_approx（参数见本行 beam/trans/branch；实验背景见 docs/EXPERIMENTS.md）,1000000,100000,16,1,108,c63309ee7d4c6f7ecf3c4f1738e3e6c4b4b2b46ff79e0f1d9bf52cdf32ca1d5d,1
experiments/r2_active3_near_50390_0020.csv,2,3,candidate_miner_approx（参数见本行 beam/trans/branch；实验背景见 docs/EXPERIMENTS.md）,1000000,100000,16,1,201,2322c37cc5d746ad279ed6e22e58ca6f00e2047c381a6acd2ffc04dcffeff470,1
experiments/r2_active3_near_50410_0020.csv,2,3,candidate_miner_approx（参数见本行 beam/trans/branch；实验背景见 docs/EXPERIMENTS.md）,1000000,100000,16,1,136,8771abb70ce36ea67170c85886a996f768b7758cace158acbdf1afd2cb77a6ea,1
experiments/r2_active3_near_50430_0020.csv,2,3,candidate_miner_approx（参数见本行 beam/trans/branch；实验背景见 docs/EXPERIMENTS.md）,1000000,100000,16,1,53,c6e1ce81e499d36425da7d976743d3e067341c6815d696b289a3a3137ce96a22,1
experiments/r2_active3_near_50450_0020.csv,2,3,candidate_miner_approx（参数见本行 beam/trans/branch；实验背景见 docs/EXPERIMENTS.md）,1000000,100000,16,1,52,aacea529d383c9214f86689767d4b43b90e349e462a2f72ca6a6fc44276cd2c9,1
experiments/r2_active3_near_50470_0020.csv,2,3,candidate_miner_approx（参数见本行 beam/trans/branch；实验背景见 docs/EXPERIMENTS.md）,1000000,100000,16,1,63,e213b5f54a63d262a3889331f956af5b89b23904b867ff465a699f0e5993500b,1
experiments/r2_active3_near_50490_0020.csv,2,3,candidate_miner_approx（参数见本行 beam/trans/branch；实验背景见 docs/EXPERIMENTS.md）,1000000,100000,16,1,44,d95b89889624fb5a80f31ae8f0495bf079aced082065feb3eb8bb55a68415659,1
experiments/r2_active3_near_50510_0020.csv,2,3,candidate_miner_approx（参数见本行 beam/trans/branch；实验背景见 docs/EXPERIMENTS.md）,1000000,100000,16,1,118,b97b639bf7f51b2adaee606eef1df81ddd0438bde33e69572a5655f67b1809ef,1
experiments/r2_active3_near_50530_0020.csv,2,3,candidate_miner_approx（参数见本行 beam/trans/branch；实验背景见 docs/EXPERIMENTS.md）,1000000,100000,16,1,85,243f01a3c0cf57a216abdf7949f5823880ffd590a9ee0a9d0db594f330cf8c29,1
experiments/r2_active3_near_50550_0020.csv,2,3,candidate_miner_approx（参数见本行 beam/trans/branch；实验背景见 docs/EXPERIMENTS.md）,1000000,100000,16,1,19,71c8c9e001bb8071185d76d1498fe8b6d735401af8bb0351a933c36622345d13,1
experiments/r2_active3_near_50570_0020.csv,2,3,candidate_miner_approx（参数见本行 beam/trans/branch；实验背景见 docs/EXPERIMENTS.md）,1000000,100000,16,1,221,57a2ce23045fabcdf6815c8edbee0cced6d57beed529343f03c9d71f07fb8683,1
experiments/r2_active3_near_50590_0020.csv,2,3,candidate_miner_approx（参数见本行 beam/trans/branch；实验背景见 docs/EXPERIMENTS.md）,1000000,100000,16,1,41,5dbd3a6e1c40dcc04c251f27802dd035e23646e9a9e6486fdbc3340f48993b0e,1
experiments/r2_active3_near_50610_0020.csv,2,3,candidate_miner_approx（参数见本行 beam/trans/branch；实验背景见 docs/EXPERIMENTS.md）,1000000,100000,16,1,49,c7ef3628d95ed48a7592c4b4ab7c0960983cec412ad1b878ba52d90c2c227ef6,1
experiments/r2_active3_near_50630_0020.csv,2,3,candidate_miner_approx（参数见本行 beam/trans/branch；实验背景见 docs/EXPERIMENTS.md）,1000000,100000,16,1,98,c193240fb431d3ce8916bfc8d047c17f2f500275f813cbdaa685a11fa98a53c4,1
experiments/r2_active3_near_50650_0020.csv,2,3,candidate_miner_approx（参数见本行 beam/trans/branch；实验背景见 docs/EXPERIMENTS.md）,1000000,100000,16,1,99,20c6a24f3542876edfe753436ed4b032bb03806fc2dfae44f180f23eee3823b2,1
experiments/r2_active3_near_50670_0020.csv,2,3,candidate_miner_approx（参数见本行 beam/trans/branch；实验背景见 docs/EXPERIMENTS.md）,1000000,100000,16,1,31,ea4808d43809832a4057d2e8c561b9e1b491d8a6fd6c78e9acf99913f2541acd,1
experiments/r2_active3_near_50690_0020.csv,2,3,candidate_miner_approx（参数见本行 beam/trans/branch；实验背景见 docs/EXPERIMENTS.md）,1000000,100000,16,1,163,b4227eb5392f321358ea4ff7b25e8ca1a8797d057876e9378c4e4de373ce5b98,1
experiments/r2_active3_near_50710_0020.csv,2,3,candidate_miner_approx（参数见本行 beam/trans/branch；实验背景见 docs/EXPERIMENTS.md）,1000000,100000,16,1,30,7e69ba9b31998463a3d2618c2d80ec54a9f7dc2ab3a7918be3a67b9d11da3458,1
experiments/r2_active3_near_50730_0020.csv,2,3,candidate_miner_approx（参数见本行 beam/trans/branch；实验背景见 docs/EXPERIMENTS.md）,1000000,100000,16,1,38,07b171f432aa93c3ad4c23c784a6f78bb9ecd6ffae0ce2c29eb8ac777b88099e,1
experiments/r2_active3_near_50750_0020.csv,2,3,candidate_miner_approx（参数见本行 beam/trans/branch；实验背景见 docs/EXPERIMENTS.md）,1000000,100000,16,1,272,7b87564d73132972dd6d63069c431130a4bcf7e5dc8957b254b0681cd0e72c4e,1
experiments/r2_active3_near_50770_0020.csv,2,3,candidate_miner_approx（参数见本行 beam/trans/branch；实验背景见 docs/EXPERIMENTS.md）,1000000,100000,16,1,22,018f883d28586ae9dd2c96f6a3ab9d80ca43d771570bd3c3f933e78c3d827097,1
experiments/r2_active3_near_50790_0020.csv,2,3,candidate_miner_approx（参数见本行 beam/trans/branch；实验背景见 docs/EXPERIMENTS.md）,1000000,100000,16,1,61,8e66b2c2c5b6c9e0d2a2c5c32bf20cce6c57c5aa9fb372a527b2ad685cac1f3e,1
experiments/r2_active3_near_50810_0020.csv,2,3,candidate_miner_approx（参数见本行 beam/trans/branch；实验背景见 docs/EXPERIMENTS.md）,1000000,100000,16,1,206,d2536424fc9e0bc808bbd424dcbb683ead597ba7b20331f83f8aa56e614e6c07,1
experiments/r2_active3_near_99710_0020.csv,2,3,candidate_miner_approx（参数见本行 beam/trans/branch；实验背景见 docs/EXPERIMENTS.md）,1000000,100000,16,1,12,d20dd00e824819aac1ffef15c9e38ecdb34fda6152f1ecb4ab0ee5dc25a3e111,1
experiments/r2_active3_near_99730_0020.csv,2,3,candidate_miner_approx（参数见本行 beam/trans/branch；实验背景见 docs/EXPERIMENTS.md）,1000000,100000,16,1,18,9631c8e4363778c375f2baa05740f0183953b0bcf31a02ad479a3fd65e715ce5,1
experiments/r2_active3_near_99770_0020.csv,2,3,candidate_miner_approx（参数见本行 beam/trans/branch；实验背景见 docs/EXPERIMENTS.md）,1000000,100000,16,1,26,6a25107bb67a61605803bcec685cd6d488ea2d82fe070f5d16a039a263bb003f,1
experiments/r2_active3_near_99810_0020.csv,2,3,candidate_miner_approx（参数见本行 beam/trans/branch；实验背景见 docs/EXPERIMENTS.md）,1000000,100000,16,1,24,34aaa83c8164161f74183abb90586ec338646d4af2c0e69d3efdfc5efe2a12f5,1
experiments/r2_active3_near_99830_0020.csv,2,3,candidate_miner_approx（参数见本行 beam/trans/branch；实验背景见 docs/EXPERIMENTS.md）,1000000,100000,16,1,40,17574b04f8bd81b63aaf45026d0416b68bda5b24c89aca8a186dc9df5ebe5e79,1
experiments/r2_active3_near_99850_0020.csv,2,3,candidate_miner_approx（参数见本行 beam/trans/branch；实验背景见 docs/EXPERIMENTS.md）,1000000,100000,16,1,57,57d4b4d52c93d180e18a4f6f1fe12494caef143dd9c77d622cb82589787496ef,1
experiments/r2_active3_near_99870_0020.csv,2,3,candidate_miner_approx（参数见本行 beam/trans/branch；实验背景见 docs/EXPERIMENTS.md）,1000000,100000,16,1,139,ba1e40446cccb7891708b098c286196913cd7156d1fc9f6f4492688f85463540,1
experiments/r2_active3_near_99890_0020.csv,2,3,candidate_miner_approx（参数见本行 beam/trans/branch；实验背景见 docs/EXPERIMENTS.md）,1000000,100000,16,1,132,c71398e72253021c3434d2c016351eec26acd318a5a338ea1e706738eb51594e,1
experiments/r2_active3_near_99910_0020.csv,2,3,candidate_miner_approx（参数见本行 beam/trans/branch；实验背景见 docs/EXPERIMENTS.md）,1000000,100000,16,1,174,c6ed7afe23e4471460b4d4db700e3cd49fc34681f752fdb6f38af8122d21d2fb,1
experiments/r2_active3_near_99930_0020.csv,2,3,candidate_miner_approx（参数见本行 beam/trans/branch；实验背景见 docs/EXPERIMENTS.md）,1000000,100000,16,1,75,13db44de95c4ef79f79be667556045879ec5e6176dba4ea72ff76aa5115fce02,1
experiments/r2_active3_near_99950_0020.csv,2,3,candidate_miner_approx（参数见本行 beam/trans/branch；实验背景见 docs/EXPERIMENTS.md）,1000000,100000,16,1,208,a6d79b2d0a0867d22f63fd18e4c050202da703ec38aa660db10b5b625bb10f42,1
experiments/r2_active3_near_99970_0020.csv,2,3,candidate_miner_approx（参数见本行 beam/trans/branch；实验背景见 docs/EXPERIMENTS.md）,1000000,100000,16,1,94,77eab4c3de9fb8c861ea2c82bf449844165f66a6b9796be545fe6c07a0f85f31,1
experiments/r2_active3_near_99990_0020.csv,2,3,candidate_miner_approx（参数见本行 beam/trans/branch；实验背景见 docs/EXPERIMENTS.md）,1000000,100000,16,1,113,5bec9e8f4ec44fd411e9c8f075d9ed3295613e940f3782a4deebf614faf6a1e4,1
experiments/r3_active1_emit_all.csv,3,1,candidate_miner_approx（参数见本行 beam/trans/branch；实验背景见 docs/EXPERIMENTS.md）,100000;50000,10000;5000,16,1,47430,7f980670fd1426708a75591263eebb42543083d0f681f975c1fab293ebe00bd9,1
experiments/new_sweeps/r3_active2_lat/r3_active2_lat_cert_u2020shift_u4040shift_top64_beam200k_trans100k.csv,3,2,candidate_miner_approx（参数见本行 beam/trans/branch；实验背景见 docs/EXPERIMENTS.md）,200000,100000,16,1,128,241722d77f3a7852bc65eb4f3deb3f38a64dcc6895d37ef96177e1dcfa79943f,1
experiments/new_sweeps/r3_active2_lat/r3_active2_lat_cert_u2020_u4040_top64_beam200k_trans100k.csv,3,2,candidate_miner_approx（参数见本行 beam/trans/branch；实验背景见 docs/EXPERIMENTS.md）,200000,100000,16,1,128,69cb38a00c78dacd3509b4b3b5418c8e608f0ffc787bcab9647c4699626375e4,1
experiments/new_sweeps/r3_active2_lat/r3_active2_lat_cert_u60600000_u006060_top64_beam200k_trans100k.csv,3,2,candidate_miner_approx（参数见本行 beam/trans/branch；实验背景见 docs/EXPERIMENTS.md）,200000,100000,16,1,128,4257374b10072c12e722306484c4ef9b6a6814bef318e16dbeb59164231515a0,1
